"year","avg_popularity","n_songs"
2010,20.0611226988301,11027
2011,19.8830689782368,10844
2012,19.8372990353698,10885
2013,19.9386111111111,10800
2014,19.8361983619836,11111
2015,52.442467948718,6240
2016,52.507192575406,6465
2017,52.6731371321227,6388
2018,52.550424128181,6366
2019,52.4419819534589,6317
2020,76.379746835443,553
2021,76.4283305227656,593
2022,76.3134328358209,536
2023,76.1011673151751,514
2024,76.4655493482309,537
